INSERT INTO "public"."users" ("id", "first_name", "last_name", "email", "password") VALUES
('11111111-1111-1111-1111-111111111111', 'Nikos', 'Giannopoulos', 'nikos@gmail.com', 'password'),
('21111111-1111-1111-1111-111111111111', 'George', 'Panagiotidis', 'george@gmail.com', 'password'),
('31111111-1111-1111-1111-111111111111', 'John', 'Papadopoulos', 'john@gmail.com', 'password'),
('41111111-1111-1111-1111-111111111111', 'Mary', 'Mousteraki', 'mary@gmail.com', 'password'),
('51111111-1111-1111-1111-111111111111', 'Helen', 'Giannopoulou', 'helen@gmail.com', 'password');

INSERT INTO "public"."match" ("id", "description", "match_date", "match_time", "team_a", "team_b", "sport") VALUES
('11111111-1111-1111-1111-111111111111', 'OSFP-PAO', '2021-02-28', '19:30:00', 'OSFP', 'PAO', 1),
('21111111-1111-1111-1111-111111111111', 'ARIS-OFI', '2022-04-15', '20:00:00', 'ARIS', 'OFI', 1),
('31111111-1111-1111-1111-111111111111', 'PAOK-AEK', '2023-05-17', '21:00:00', 'PAOK', 'AEK', 2);

INSERT INTO "public"."match_odds" ("id", "specifier", "odd", "match_id") VALUES
('11111111-1111-1111-1111-111111111111', '1', 1.5, '11111111-1111-1111-1111-111111111111'),
('21111111-1111-1111-1111-111111111111', 'X', 1.2, '11111111-1111-1111-1111-111111111111'),
('31111111-1111-1111-1111-111111111111', '2', 1.4, '11111111-1111-1111-1111-111111111111'),
('41111111-1111-1111-1111-111111111111', '1', 1.3, '21111111-1111-1111-1111-111111111111'),
('51111111-1111-1111-1111-111111111111', 'X', 1.2, '21111111-1111-1111-1111-111111111111'),
('61111111-1111-1111-1111-111111111111', '2', 1.6, '21111111-1111-1111-1111-111111111111'),
('71111111-1111-1111-1111-111111111111', '1', 1.5, '31111111-1111-1111-1111-111111111111'),
('81111111-1111-1111-1111-111111111111', '2', 1.6, '31111111-1111-1111-1111-111111111111');